Seq	Host	Starttime	JobRuntime	Send	Receive	Exitval	Signal	Command
1	:	1766383880.656	     5.833	0	0	0	0	/home/pouria/opt/envs/aldy/bin/python -m aldy genotype /project/shared/aldy-data/10x/HG00276.10x.short.bam -g all -p 10x -vE --solver gurobi    -l /home/pouria/opt/src/aldy/runs/results_10x/HG00276.10x.short.txt    > /home/pouria/opt/src/aldy/runs/logs_10x/HG00276.10x.short.stdout 2>&1
2	:	1766383880.661	     5.868	0	0	0	0	/home/pouria/opt/envs/aldy/bin/python -m aldy genotype /project/shared/aldy-data/10x/HG00589.10x.short.bam -g all -p 10x -vE --solver gurobi    -l /home/pouria/opt/src/aldy/runs/results_10x/HG00589.10x.short.txt    > /home/pouria/opt/src/aldy/runs/logs_10x/HG00589.10x.short.stdout 2>&1
4	:	1766383886.536	     0.447	0	0	0	0	/home/pouria/opt/envs/aldy/bin/python -m aldy genotype /project/shared/aldy-data/10x/NA06991.10x.short.bam -g all -p 10x -vE --solver gurobi    -l /home/pouria/opt/src/aldy/runs/results_10x/NA06991.10x.short.txt    > /home/pouria/opt/src/aldy/runs/logs_10x/NA06991.10x.short.stdout 2>&1
3	:	1766383886.496	     0.519	0	0	0	0	/home/pouria/opt/envs/aldy/bin/python -m aldy genotype /project/shared/aldy-data/10x/HG01190.10x.short.bam -g all -p 10x -vE --solver gurobi    -l /home/pouria/opt/src/aldy/runs/results_10x/HG01190.10x.short.txt    > /home/pouria/opt/src/aldy/runs/logs_10x/HG01190.10x.short.stdout 2>&1
5	:	1766383886.989	     0.421	0	0	0	0	/home/pouria/opt/envs/aldy/bin/python -m aldy genotype /project/shared/aldy-data/10x/NA07000.10x.short.bam -g all -p 10x -vE --solver gurobi    -l /home/pouria/opt/src/aldy/runs/results_10x/NA07000.10x.short.txt    > /home/pouria/opt/src/aldy/runs/logs_10x/NA07000.10x.short.stdout 2>&1
6	:	1766383887.022	     0.544	0	0	0	0	/home/pouria/opt/envs/aldy/bin/python -m aldy genotype /project/shared/aldy-data/10x/NA07019.10x.short.bam -g all -p 10x -vE --solver gurobi    -l /home/pouria/opt/src/aldy/runs/results_10x/NA07019.10x.short.txt    > /home/pouria/opt/src/aldy/runs/logs_10x/NA07019.10x.short.stdout 2>&1
7	:	1766383887.417	     0.496	0	0	0	0	/home/pouria/opt/envs/aldy/bin/python -m aldy genotype /project/shared/aldy-data/10x/NA07029.10x.short.bam -g all -p 10x -vE --solver gurobi    -l /home/pouria/opt/src/aldy/runs/results_10x/NA07029.10x.short.txt    > /home/pouria/opt/src/aldy/runs/logs_10x/NA07029.10x.short.stdout 2>&1
8	:	1766383887.573	     0.421	0	0	0	0	/home/pouria/opt/envs/aldy/bin/python -m aldy genotype /project/shared/aldy-data/10x/NA07055.10x.short.bam -g all -p 10x -vE --solver gurobi    -l /home/pouria/opt/src/aldy/runs/results_10x/NA07055.10x.short.txt    > /home/pouria/opt/src/aldy/runs/logs_10x/NA07055.10x.short.stdout 2>&1
10	:	1766383888.001	     0.404	0	0	0	0	/home/pouria/opt/envs/aldy/bin/python -m aldy genotype /project/shared/aldy-data/10x/NA07348.10x.short.bam -g all -p 10x -vE --solver gurobi    -l /home/pouria/opt/src/aldy/runs/results_10x/NA07348.10x.short.txt    > /home/pouria/opt/src/aldy/runs/logs_10x/NA07348.10x.short.stdout 2>&1
9	:	1766383887.920	     0.490	0	0	0	0	/home/pouria/opt/envs/aldy/bin/python -m aldy genotype /project/shared/aldy-data/10x/NA07056.10x.short.bam -g all -p 10x -vE --solver gurobi    -l /home/pouria/opt/src/aldy/runs/results_10x/NA07056.10x.short.txt    > /home/pouria/opt/src/aldy/runs/logs_10x/NA07056.10x.short.stdout 2>&1
12	:	1766383888.415	     0.434	0	0	0	0	/home/pouria/opt/envs/aldy/bin/python -m aldy genotype /project/shared/aldy-data/10x/NA07439.10x.short.bam -g all -p 10x -vE --solver gurobi    -l /home/pouria/opt/src/aldy/runs/results_10x/NA07439.10x.short.txt    > /home/pouria/opt/src/aldy/runs/logs_10x/NA07439.10x.short.stdout 2>&1
11	:	1766383888.410	     0.496	0	0	0	0	/home/pouria/opt/envs/aldy/bin/python -m aldy genotype /project/shared/aldy-data/10x/NA07357.10x.short.bam -g all -p 10x -vE --solver gurobi    -l /home/pouria/opt/src/aldy/runs/results_10x/NA07357.10x.short.txt    > /home/pouria/opt/src/aldy/runs/logs_10x/NA07357.10x.short.stdout 2>&1
13	:	1766383888.856	     0.482	0	0	0	0	/home/pouria/opt/envs/aldy/bin/python -m aldy genotype /project/shared/aldy-data/10x/NA10831.10x.short.bam -g all -p 10x -vE --solver gurobi    -l /home/pouria/opt/src/aldy/runs/results_10x/NA10831.10x.short.txt    > /home/pouria/opt/src/aldy/runs/logs_10x/NA10831.10x.short.stdout 2>&1
14	:	1766383888.912	     0.485	0	0	0	0	/home/pouria/opt/envs/aldy/bin/python -m aldy genotype /project/shared/aldy-data/10x/NA10847.10x.short.bam -g all -p 10x -vE --solver gurobi    -l /home/pouria/opt/src/aldy/runs/results_10x/NA10847.10x.short.txt    > /home/pouria/opt/src/aldy/runs/logs_10x/NA10847.10x.short.stdout 2>&1
15	:	1766383889.344	     0.479	0	0	0	0	/home/pouria/opt/envs/aldy/bin/python -m aldy genotype /project/shared/aldy-data/10x/NA10851.10x.short.bam -g all -p 10x -vE --solver gurobi    -l /home/pouria/opt/src/aldy/runs/results_10x/NA10851.10x.short.txt    > /home/pouria/opt/src/aldy/runs/logs_10x/NA10851.10x.short.stdout 2>&1
16	:	1766383889.403	     0.478	0	0	0	0	/home/pouria/opt/envs/aldy/bin/python -m aldy genotype /project/shared/aldy-data/10x/NA10854.10x.short.bam -g all -p 10x -vE --solver gurobi    -l /home/pouria/opt/src/aldy/runs/results_10x/NA10854.10x.short.txt    > /home/pouria/opt/src/aldy/runs/logs_10x/NA10854.10x.short.stdout 2>&1
17	:	1766383889.830	     0.532	0	0	0	0	/home/pouria/opt/envs/aldy/bin/python -m aldy genotype /project/shared/aldy-data/10x/NA11832.10x.short.bam -g all -p 10x -vE --solver gurobi    -l /home/pouria/opt/src/aldy/runs/results_10x/NA11832.10x.short.txt    > /home/pouria/opt/src/aldy/runs/logs_10x/NA11832.10x.short.stdout 2>&1
18	:	1766383889.886	     0.554	0	0	0	0	/home/pouria/opt/envs/aldy/bin/python -m aldy genotype /project/shared/aldy-data/10x/NA11839.10x.short.bam -g all -p 10x -vE --solver gurobi    -l /home/pouria/opt/src/aldy/runs/results_10x/NA11839.10x.short.txt    > /home/pouria/opt/src/aldy/runs/logs_10x/NA11839.10x.short.stdout 2>&1
19	:	1766383890.369	     0.552	0	0	0	0	/home/pouria/opt/envs/aldy/bin/python -m aldy genotype /project/shared/aldy-data/10x/NA11993.10x.short.bam -g all -p 10x -vE --solver gurobi    -l /home/pouria/opt/src/aldy/runs/results_10x/NA11993.10x.short.txt    > /home/pouria/opt/src/aldy/runs/logs_10x/NA11993.10x.short.stdout 2>&1
20	:	1766383890.446	     0.566	0	0	0	0	/home/pouria/opt/envs/aldy/bin/python -m aldy genotype /project/shared/aldy-data/10x/NA12003.10x.short.bam -g all -p 10x -vE --solver gurobi    -l /home/pouria/opt/src/aldy/runs/results_10x/NA12003.10x.short.txt    > /home/pouria/opt/src/aldy/runs/logs_10x/NA12003.10x.short.stdout 2>&1
21	:	1766383890.927	     0.407	0	0	0	0	/home/pouria/opt/envs/aldy/bin/python -m aldy genotype /project/shared/aldy-data/10x/NA12006.10x.short.bam -g all -p 10x -vE --solver gurobi    -l /home/pouria/opt/src/aldy/runs/results_10x/NA12006.10x.short.txt    > /home/pouria/opt/src/aldy/runs/logs_10x/NA12006.10x.short.stdout 2>&1
22	:	1766383891.020	     0.417	0	0	0	0	/home/pouria/opt/envs/aldy/bin/python -m aldy genotype /project/shared/aldy-data/10x/NA12145.10x.short.bam -g all -p 10x -vE --solver gurobi    -l /home/pouria/opt/src/aldy/runs/results_10x/NA12145.10x.short.txt    > /home/pouria/opt/src/aldy/runs/logs_10x/NA12145.10x.short.stdout 2>&1
23	:	1766383891.340	     0.438	0	0	0	0	/home/pouria/opt/envs/aldy/bin/python -m aldy genotype /project/shared/aldy-data/10x/NA12156.10x.short.bam -g all -p 10x -vE --solver gurobi    -l /home/pouria/opt/src/aldy/runs/results_10x/NA12156.10x.short.txt    > /home/pouria/opt/src/aldy/runs/logs_10x/NA12156.10x.short.stdout 2>&1
24	:	1766383891.444	     0.490	0	0	0	0	/home/pouria/opt/envs/aldy/bin/python -m aldy genotype /project/shared/aldy-data/10x/NA12236.10x.short.bam -g all -p 10x -vE --solver gurobi    -l /home/pouria/opt/src/aldy/runs/results_10x/NA12236.10x.short.txt    > /home/pouria/opt/src/aldy/runs/logs_10x/NA12236.10x.short.stdout 2>&1
25	:	1766383891.784	     0.524	0	0	0	0	/home/pouria/opt/envs/aldy/bin/python -m aldy genotype /project/shared/aldy-data/10x/NA12717.10x.short.bam -g all -p 10x -vE --solver gurobi    -l /home/pouria/opt/src/aldy/runs/results_10x/NA12717.10x.short.txt    > /home/pouria/opt/src/aldy/runs/logs_10x/NA12717.10x.short.stdout 2>&1
26	:	1766383891.940	     0.483	0	0	0	0	/home/pouria/opt/envs/aldy/bin/python -m aldy genotype /project/shared/aldy-data/10x/NA12813.10x.short.bam -g all -p 10x -vE --solver gurobi    -l /home/pouria/opt/src/aldy/runs/results_10x/NA12813.10x.short.txt    > /home/pouria/opt/src/aldy/runs/logs_10x/NA12813.10x.short.stdout 2>&1
27	:	1766383892.314	     0.392	0	0	0	0	/home/pouria/opt/envs/aldy/bin/python -m aldy genotype /project/shared/aldy-data/10x/NA12873.10x.short.bam -g all -p 10x -vE --solver gurobi    -l /home/pouria/opt/src/aldy/runs/results_10x/NA12873.10x.short.txt    > /home/pouria/opt/src/aldy/runs/logs_10x/NA12873.10x.short.stdout 2>&1
28	:	1766383892.430	     0.485	0	0	0	0	/home/pouria/opt/envs/aldy/bin/python -m aldy genotype /project/shared/aldy-data/10x/NA15245.10x.short.bam -g all -p 10x -vE --solver gurobi    -l /home/pouria/opt/src/aldy/runs/results_10x/NA15245.10x.short.txt    > /home/pouria/opt/src/aldy/runs/logs_10x/NA15245.10x.short.stdout 2>&1
29	:	1766383892.712	     0.445	0	0	0	0	/home/pouria/opt/envs/aldy/bin/python -m aldy genotype /project/shared/aldy-data/10x/NA17074.10x.short.bam -g all -p 10x -vE --solver gurobi    -l /home/pouria/opt/src/aldy/runs/results_10x/NA17074.10x.short.txt    > /home/pouria/opt/src/aldy/runs/logs_10x/NA17074.10x.short.stdout 2>&1
30	:	1766383892.921	     0.516	0	0	0	0	/home/pouria/opt/envs/aldy/bin/python -m aldy genotype /project/shared/aldy-data/10x/NA17102.10x.short.bam -g all -p 10x -vE --solver gurobi    -l /home/pouria/opt/src/aldy/runs/results_10x/NA17102.10x.short.txt    > /home/pouria/opt/src/aldy/runs/logs_10x/NA17102.10x.short.stdout 2>&1
31	:	1766383893.163	     0.513	0	0	0	0	/home/pouria/opt/envs/aldy/bin/python -m aldy genotype /project/shared/aldy-data/10x/NA17204.10x.short.bam -g all -p 10x -vE --solver gurobi    -l /home/pouria/opt/src/aldy/runs/results_10x/NA17204.10x.short.txt    > /home/pouria/opt/src/aldy/runs/logs_10x/NA17204.10x.short.stdout 2>&1
32	:	1766383893.443	     0.432	0	0	0	0	/home/pouria/opt/envs/aldy/bin/python -m aldy genotype /project/shared/aldy-data/10x/NA17227.10x.short.bam -g all -p 10x -vE --solver gurobi    -l /home/pouria/opt/src/aldy/runs/results_10x/NA17227.10x.short.txt    > /home/pouria/opt/src/aldy/runs/logs_10x/NA17227.10x.short.stdout 2>&1
33	:	1766383893.682	     0.516	0	0	0	0	/home/pouria/opt/envs/aldy/bin/python -m aldy genotype /project/shared/aldy-data/10x/NA17234.10x.short.bam -g all -p 10x -vE --solver gurobi    -l /home/pouria/opt/src/aldy/runs/results_10x/NA17234.10x.short.txt    > /home/pouria/opt/src/aldy/runs/logs_10x/NA17234.10x.short.stdout 2>&1
34	:	1766383893.882	     0.495	0	0	0	0	/home/pouria/opt/envs/aldy/bin/python -m aldy genotype /project/shared/aldy-data/10x/NA17235.10x.short.bam -g all -p 10x -vE --solver gurobi    -l /home/pouria/opt/src/aldy/runs/results_10x/NA17235.10x.short.txt    > /home/pouria/opt/src/aldy/runs/logs_10x/NA17235.10x.short.stdout 2>&1
35	:	1766383894.204	     0.506	0	0	0	0	/home/pouria/opt/envs/aldy/bin/python -m aldy genotype /project/shared/aldy-data/10x/NA17244.10x.short.bam -g all -p 10x -vE --solver gurobi    -l /home/pouria/opt/src/aldy/runs/results_10x/NA17244.10x.short.txt    > /home/pouria/opt/src/aldy/runs/logs_10x/NA17244.10x.short.stdout 2>&1
36	:	1766383894.383	     0.465	0	0	0	0	/home/pouria/opt/envs/aldy/bin/python -m aldy genotype /project/shared/aldy-data/10x/NA17448.10x.short.bam -g all -p 10x -vE --solver gurobi    -l /home/pouria/opt/src/aldy/runs/results_10x/NA17448.10x.short.txt    > /home/pouria/opt/src/aldy/runs/logs_10x/NA17448.10x.short.stdout 2>&1
37	:	1766383894.715	     0.342	0	0	0	0	/home/pouria/opt/envs/aldy/bin/python -m aldy genotype /project/shared/aldy-data/10x/NA17454.10x.short.bam -g all -p 10x -vE --solver gurobi    -l /home/pouria/opt/src/aldy/runs/results_10x/NA17454.10x.short.txt    > /home/pouria/opt/src/aldy/runs/logs_10x/NA17454.10x.short.stdout 2>&1
38	:	1766383894.853	     0.538	0	0	0	0	/home/pouria/opt/envs/aldy/bin/python -m aldy genotype /project/shared/aldy-data/10x/NA17641.10x.short.bam -g all -p 10x -vE --solver gurobi    -l /home/pouria/opt/src/aldy/runs/results_10x/NA17641.10x.short.txt    > /home/pouria/opt/src/aldy/runs/logs_10x/NA17641.10x.short.stdout 2>&1
39	:	1766383895.062	     0.499	0	0	0	0	/home/pouria/opt/envs/aldy/bin/python -m aldy genotype /project/shared/aldy-data/10x/NA17642.10x.short.bam -g all -p 10x -vE --solver gurobi    -l /home/pouria/opt/src/aldy/runs/results_10x/NA17642.10x.short.txt    > /home/pouria/opt/src/aldy/runs/logs_10x/NA17642.10x.short.stdout 2>&1
40	:	1766383895.396	     0.443	0	0	0	0	/home/pouria/opt/envs/aldy/bin/python -m aldy genotype /project/shared/aldy-data/10x/NA17657.10x.short.bam -g all -p 10x -vE --solver gurobi    -l /home/pouria/opt/src/aldy/runs/results_10x/NA17657.10x.short.txt    > /home/pouria/opt/src/aldy/runs/logs_10x/NA17657.10x.short.stdout 2>&1
41	:	1766383895.567	     0.480	0	0	0	0	/home/pouria/opt/envs/aldy/bin/python -m aldy genotype /project/shared/aldy-data/10x/NA17658.10x.short.bam -g all -p 10x -vE --solver gurobi    -l /home/pouria/opt/src/aldy/runs/results_10x/NA17658.10x.short.txt    > /home/pouria/opt/src/aldy/runs/logs_10x/NA17658.10x.short.stdout 2>&1
42	:	1766383895.844	     0.438	0	0	0	0	/home/pouria/opt/envs/aldy/bin/python -m aldy genotype /project/shared/aldy-data/10x/NA17660.10x.short.bam -g all -p 10x -vE --solver gurobi    -l /home/pouria/opt/src/aldy/runs/results_10x/NA17660.10x.short.txt    > /home/pouria/opt/src/aldy/runs/logs_10x/NA17660.10x.short.stdout 2>&1
43	:	1766383896.053	     0.565	0	0	0	0	/home/pouria/opt/envs/aldy/bin/python -m aldy genotype /project/shared/aldy-data/10x/NA17673.10x.short.bam -g all -p 10x -vE --solver gurobi    -l /home/pouria/opt/src/aldy/runs/results_10x/NA17673.10x.short.txt    > /home/pouria/opt/src/aldy/runs/logs_10x/NA17673.10x.short.stdout 2>&1
44	:	1766383896.289	     0.483	0	0	0	0	/home/pouria/opt/envs/aldy/bin/python -m aldy genotype /project/shared/aldy-data/10x/NA17679.10x.short.bam -g all -p 10x -vE --solver gurobi    -l /home/pouria/opt/src/aldy/runs/results_10x/NA17679.10x.short.txt    > /home/pouria/opt/src/aldy/runs/logs_10x/NA17679.10x.short.stdout 2>&1
45	:	1766383896.622	     0.526	0	0	0	0	/home/pouria/opt/envs/aldy/bin/python -m aldy genotype /project/shared/aldy-data/10x/NA17702.10x.short.bam -g all -p 10x -vE --solver gurobi    -l /home/pouria/opt/src/aldy/runs/results_10x/NA17702.10x.short.txt    > /home/pouria/opt/src/aldy/runs/logs_10x/NA17702.10x.short.stdout 2>&1
46	:	1766383896.777	     0.483	0	0	0	0	/home/pouria/opt/envs/aldy/bin/python -m aldy genotype /project/shared/aldy-data/10x/NA18484.10x.short.bam -g all -p 10x -vE --solver gurobi    -l /home/pouria/opt/src/aldy/runs/results_10x/NA18484.10x.short.txt    > /home/pouria/opt/src/aldy/runs/logs_10x/NA18484.10x.short.stdout 2>&1
47	:	1766383897.154	     0.476	0	0	0	0	/home/pouria/opt/envs/aldy/bin/python -m aldy genotype /project/shared/aldy-data/10x/NA18509.10x.short.bam -g all -p 10x -vE --solver gurobi    -l /home/pouria/opt/src/aldy/runs/results_10x/NA18509.10x.short.txt    > /home/pouria/opt/src/aldy/runs/logs_10x/NA18509.10x.short.stdout 2>&1
48	:	1766383897.267	     0.453	0	0	0	0	/home/pouria/opt/envs/aldy/bin/python -m aldy genotype /project/shared/aldy-data/10x/NA18518.10x.short.bam -g all -p 10x -vE --solver gurobi    -l /home/pouria/opt/src/aldy/runs/results_10x/NA18518.10x.short.txt    > /home/pouria/opt/src/aldy/runs/logs_10x/NA18518.10x.short.stdout 2>&1
50	:	1766383897.726	     0.361	0	0	0	0	/home/pouria/opt/envs/aldy/bin/python -m aldy genotype /project/shared/aldy-data/10x/NA18524.10x.short.bam -g all -p 10x -vE --solver gurobi    -l /home/pouria/opt/src/aldy/runs/results_10x/NA18524.10x.short.txt    > /home/pouria/opt/src/aldy/runs/logs_10x/NA18524.10x.short.stdout 2>&1
49	:	1766383897.638	     0.502	0	0	0	0	/home/pouria/opt/envs/aldy/bin/python -m aldy genotype /project/shared/aldy-data/10x/NA18519.10x.short.bam -g all -p 10x -vE --solver gurobi    -l /home/pouria/opt/src/aldy/runs/results_10x/NA18519.10x.short.txt    > /home/pouria/opt/src/aldy/runs/logs_10x/NA18519.10x.short.stdout 2>&1
52	:	1766383898.145	     0.360	0	0	0	0	/home/pouria/opt/envs/aldy/bin/python -m aldy genotype /project/shared/aldy-data/10x/NA18540.10x.short.bam -g all -p 10x -vE --solver gurobi    -l /home/pouria/opt/src/aldy/runs/results_10x/NA18540.10x.short.txt    > /home/pouria/opt/src/aldy/runs/logs_10x/NA18540.10x.short.stdout 2>&1
51	:	1766383898.094	     0.576	0	0	0	0	/home/pouria/opt/envs/aldy/bin/python -m aldy genotype /project/shared/aldy-data/10x/NA18526.10x.short.bam -g all -p 10x -vE --solver gurobi    -l /home/pouria/opt/src/aldy/runs/results_10x/NA18526.10x.short.txt    > /home/pouria/opt/src/aldy/runs/logs_10x/NA18526.10x.short.stdout 2>&1
53	:	1766383898.511	     0.557	0	0	0	0	/home/pouria/opt/envs/aldy/bin/python -m aldy genotype /project/shared/aldy-data/10x/NA18544.10x.short.bam -g all -p 10x -vE --solver gurobi    -l /home/pouria/opt/src/aldy/runs/results_10x/NA18544.10x.short.txt    > /home/pouria/opt/src/aldy/runs/logs_10x/NA18544.10x.short.stdout 2>&1
54	:	1766383898.674	     0.536	0	0	0	0	/home/pouria/opt/envs/aldy/bin/python -m aldy genotype /project/shared/aldy-data/10x/NA18552.10x.short.bam -g all -p 10x -vE --solver gurobi    -l /home/pouria/opt/src/aldy/runs/results_10x/NA18552.10x.short.txt    > /home/pouria/opt/src/aldy/runs/logs_10x/NA18552.10x.short.stdout 2>&1
55	:	1766383899.075	     0.506	0	0	0	0	/home/pouria/opt/envs/aldy/bin/python -m aldy genotype /project/shared/aldy-data/10x/NA18564.10x.short.bam -g all -p 10x -vE --solver gurobi    -l /home/pouria/opt/src/aldy/runs/results_10x/NA18564.10x.short.txt    > /home/pouria/opt/src/aldy/runs/logs_10x/NA18564.10x.short.stdout 2>&1
56	:	1766383899.216	     0.494	0	0	0	0	/home/pouria/opt/envs/aldy/bin/python -m aldy genotype /project/shared/aldy-data/10x/NA18565.10x.short.bam -g all -p 10x -vE --solver gurobi    -l /home/pouria/opt/src/aldy/runs/results_10x/NA18565.10x.short.txt    > /home/pouria/opt/src/aldy/runs/logs_10x/NA18565.10x.short.stdout 2>&1
57	:	1766383899.585	     0.507	0	0	0	0	/home/pouria/opt/envs/aldy/bin/python -m aldy genotype /project/shared/aldy-data/10x/NA18617.10x.short.bam -g all -p 10x -vE --solver gurobi    -l /home/pouria/opt/src/aldy/runs/results_10x/NA18617.10x.short.txt    > /home/pouria/opt/src/aldy/runs/logs_10x/NA18617.10x.short.stdout 2>&1
58	:	1766383899.717	     0.522	0	0	0	0	/home/pouria/opt/envs/aldy/bin/python -m aldy genotype /project/shared/aldy-data/10x/NA18855.10x.short.bam -g all -p 10x -vE --solver gurobi    -l /home/pouria/opt/src/aldy/runs/results_10x/NA18855.10x.short.txt    > /home/pouria/opt/src/aldy/runs/logs_10x/NA18855.10x.short.stdout 2>&1
59	:	1766383900.099	     0.477	0	0	0	0	/home/pouria/opt/envs/aldy/bin/python -m aldy genotype /project/shared/aldy-data/10x/NA18861.10x.short.bam -g all -p 10x -vE --solver gurobi    -l /home/pouria/opt/src/aldy/runs/results_10x/NA18861.10x.short.txt    > /home/pouria/opt/src/aldy/runs/logs_10x/NA18861.10x.short.stdout 2>&1
60	:	1766383900.245	     0.485	0	0	0	0	/home/pouria/opt/envs/aldy/bin/python -m aldy genotype /project/shared/aldy-data/10x/NA18868.10x.short.bam -g all -p 10x -vE --solver gurobi    -l /home/pouria/opt/src/aldy/runs/results_10x/NA18868.10x.short.txt    > /home/pouria/opt/src/aldy/runs/logs_10x/NA18868.10x.short.stdout 2>&1
61	:	1766383900.583	     0.444	0	0	0	0	/home/pouria/opt/envs/aldy/bin/python -m aldy genotype /project/shared/aldy-data/10x/NA18942.10x.short.bam -g all -p 10x -vE --solver gurobi    -l /home/pouria/opt/src/aldy/runs/results_10x/NA18942.10x.short.txt    > /home/pouria/opt/src/aldy/runs/logs_10x/NA18942.10x.short.stdout 2>&1
62	:	1766383900.735	     0.423	0	0	0	0	/home/pouria/opt/envs/aldy/bin/python -m aldy genotype /project/shared/aldy-data/10x/NA18952.10x.short.bam -g all -p 10x -vE --solver gurobi    -l /home/pouria/opt/src/aldy/runs/results_10x/NA18952.10x.short.txt    > /home/pouria/opt/src/aldy/runs/logs_10x/NA18952.10x.short.stdout 2>&1
64	:	1766383901.163	     0.355	0	0	0	0	/home/pouria/opt/envs/aldy/bin/python -m aldy genotype /project/shared/aldy-data/10x/NA18966.10x.short.bam -g all -p 10x -vE --solver gurobi    -l /home/pouria/opt/src/aldy/runs/results_10x/NA18966.10x.short.txt    > /home/pouria/opt/src/aldy/runs/logs_10x/NA18966.10x.short.stdout 2>&1
63	:	1766383901.033	     0.539	0	0	0	0	/home/pouria/opt/envs/aldy/bin/python -m aldy genotype /project/shared/aldy-data/10x/NA18959.10x.short.bam -g all -p 10x -vE --solver gurobi    -l /home/pouria/opt/src/aldy/runs/results_10x/NA18959.10x.short.txt    > /home/pouria/opt/src/aldy/runs/logs_10x/NA18959.10x.short.stdout 2>&1
65	:	1766383901.525	     0.441	0	0	0	0	/home/pouria/opt/envs/aldy/bin/python -m aldy genotype /project/shared/aldy-data/10x/NA18973.10x.short.bam -g all -p 10x -vE --solver gurobi    -l /home/pouria/opt/src/aldy/runs/results_10x/NA18973.10x.short.txt    > /home/pouria/opt/src/aldy/runs/logs_10x/NA18973.10x.short.stdout 2>&1
66	:	1766383901.578	     0.491	0	0	0	0	/home/pouria/opt/envs/aldy/bin/python -m aldy genotype /project/shared/aldy-data/10x/NA18980.10x.short.bam -g all -p 10x -vE --solver gurobi    -l /home/pouria/opt/src/aldy/runs/results_10x/NA18980.10x.short.txt    > /home/pouria/opt/src/aldy/runs/logs_10x/NA18980.10x.short.stdout 2>&1
67	:	1766383901.974	     0.492	0	0	0	0	/home/pouria/opt/envs/aldy/bin/python -m aldy genotype /project/shared/aldy-data/10x/NA18992.10x.short.bam -g all -p 10x -vE --solver gurobi    -l /home/pouria/opt/src/aldy/runs/results_10x/NA18992.10x.short.txt    > /home/pouria/opt/src/aldy/runs/logs_10x/NA18992.10x.short.stdout 2>&1
68	:	1766383902.076	     0.457	0	0	0	0	/home/pouria/opt/envs/aldy/bin/python -m aldy genotype /project/shared/aldy-data/10x/NA19003.10x.short.bam -g all -p 10x -vE --solver gurobi    -l /home/pouria/opt/src/aldy/runs/results_10x/NA19003.10x.short.txt    > /home/pouria/opt/src/aldy/runs/logs_10x/NA19003.10x.short.stdout 2>&1
69	:	1766383902.472	     0.502	0	0	0	0	/home/pouria/opt/envs/aldy/bin/python -m aldy genotype /project/shared/aldy-data/10x/NA19007.10x.short.bam -g all -p 10x -vE --solver gurobi    -l /home/pouria/opt/src/aldy/runs/results_10x/NA19007.10x.short.txt    > /home/pouria/opt/src/aldy/runs/logs_10x/NA19007.10x.short.stdout 2>&1
70	:	1766383902.540	     0.450	0	0	0	0	/home/pouria/opt/envs/aldy/bin/python -m aldy genotype /project/shared/aldy-data/10x/NA19095.10x.short.bam -g all -p 10x -vE --solver gurobi    -l /home/pouria/opt/src/aldy/runs/results_10x/NA19095.10x.short.txt    > /home/pouria/opt/src/aldy/runs/logs_10x/NA19095.10x.short.stdout 2>&1
72	:	1766383902.995	     0.341	0	0	0	0	/home/pouria/opt/envs/aldy/bin/python -m aldy genotype /project/shared/aldy-data/10x/NA19122.10x.short.bam -g all -p 10x -vE --solver gurobi    -l /home/pouria/opt/src/aldy/runs/results_10x/NA19122.10x.short.txt    > /home/pouria/opt/src/aldy/runs/logs_10x/NA19122.10x.short.stdout 2>&1
71	:	1766383902.981	     0.469	0	0	0	0	/home/pouria/opt/envs/aldy/bin/python -m aldy genotype /project/shared/aldy-data/10x/NA19109.10x.short.bam -g all -p 10x -vE --solver gurobi    -l /home/pouria/opt/src/aldy/runs/results_10x/NA19109.10x.short.txt    > /home/pouria/opt/src/aldy/runs/logs_10x/NA19109.10x.short.stdout 2>&1
73	:	1766383903.341	     0.534	0	0	0	0	/home/pouria/opt/envs/aldy/bin/python -m aldy genotype /project/shared/aldy-data/10x/NA19143.10x.short.bam -g all -p 10x -vE --solver gurobi    -l /home/pouria/opt/src/aldy/runs/results_10x/NA19143.10x.short.txt    > /home/pouria/opt/src/aldy/runs/logs_10x/NA19143.10x.short.stdout 2>&1
74	:	1766383903.453	     0.495	0	0	0	0	/home/pouria/opt/envs/aldy/bin/python -m aldy genotype /project/shared/aldy-data/10x/NA19147.10x.short.bam -g all -p 10x -vE --solver gurobi    -l /home/pouria/opt/src/aldy/runs/results_10x/NA19147.10x.short.txt    > /home/pouria/opt/src/aldy/runs/logs_10x/NA19147.10x.short.stdout 2>&1
75	:	1766383903.883	     0.417	0	0	0	0	/home/pouria/opt/envs/aldy/bin/python -m aldy genotype /project/shared/aldy-data/10x/NA19174.10x.short.bam -g all -p 10x -vE --solver gurobi    -l /home/pouria/opt/src/aldy/runs/results_10x/NA19174.10x.short.txt    > /home/pouria/opt/src/aldy/runs/logs_10x/NA19174.10x.short.stdout 2>&1
76	:	1766383903.955	     0.414	0	0	0	0	/home/pouria/opt/envs/aldy/bin/python -m aldy genotype /project/shared/aldy-data/10x/NA19176.10x.short.bam -g all -p 10x -vE --solver gurobi    -l /home/pouria/opt/src/aldy/runs/results_10x/NA19176.10x.short.txt    > /home/pouria/opt/src/aldy/runs/logs_10x/NA19176.10x.short.stdout 2>&1
77	:	1766383904.306	     0.486	0	0	0	0	/home/pouria/opt/envs/aldy/bin/python -m aldy genotype /project/shared/aldy-data/10x/NA19178.10x.short.bam -g all -p 10x -vE --solver gurobi    -l /home/pouria/opt/src/aldy/runs/results_10x/NA19178.10x.short.txt    > /home/pouria/opt/src/aldy/runs/logs_10x/NA19178.10x.short.stdout 2>&1
78	:	1766383904.376	     0.493	0	0	0	0	/home/pouria/opt/envs/aldy/bin/python -m aldy genotype /project/shared/aldy-data/10x/NA19207.10x.short.bam -g all -p 10x -vE --solver gurobi    -l /home/pouria/opt/src/aldy/runs/results_10x/NA19207.10x.short.txt    > /home/pouria/opt/src/aldy/runs/logs_10x/NA19207.10x.short.stdout 2>&1
79	:	1766383904.799	     0.526	0	0	0	0	/home/pouria/opt/envs/aldy/bin/python -m aldy genotype /project/shared/aldy-data/10x/NA19213.10x.short.bam -g all -p 10x -vE --solver gurobi    -l /home/pouria/opt/src/aldy/runs/results_10x/NA19213.10x.short.txt    > /home/pouria/opt/src/aldy/runs/logs_10x/NA19213.10x.short.stdout 2>&1
80	:	1766383904.875	     0.532	0	0	0	0	/home/pouria/opt/envs/aldy/bin/python -m aldy genotype /project/shared/aldy-data/10x/NA19226.10x.short.bam -g all -p 10x -vE --solver gurobi    -l /home/pouria/opt/src/aldy/runs/results_10x/NA19226.10x.short.txt    > /home/pouria/opt/src/aldy/runs/logs_10x/NA19226.10x.short.stdout 2>&1
81	:	1766383905.332	     0.437	0	0	0	0	/home/pouria/opt/envs/aldy/bin/python -m aldy genotype /project/shared/aldy-data/10x/NA19239.10x.short.bam -g all -p 10x -vE --solver gurobi    -l /home/pouria/opt/src/aldy/runs/results_10x/NA19239.10x.short.txt    > /home/pouria/opt/src/aldy/runs/logs_10x/NA19239.10x.short.stdout 2>&1
82	:	1766383905.414	     0.493	0	0	0	0	/home/pouria/opt/envs/aldy/bin/python -m aldy genotype /project/shared/aldy-data/10x/NA19789.10x.short.bam -g all -p 10x -vE --solver gurobi    -l /home/pouria/opt/src/aldy/runs/results_10x/NA19789.10x.short.txt    > /home/pouria/opt/src/aldy/runs/logs_10x/NA19789.10x.short.stdout 2>&1
83	:	1766383905.775	     0.484	0	0	0	0	/home/pouria/opt/envs/aldy/bin/python -m aldy genotype /project/shared/aldy-data/10x/NA19819.10x.short.bam -g all -p 10x -vE --solver gurobi    -l /home/pouria/opt/src/aldy/runs/results_10x/NA19819.10x.short.txt    > /home/pouria/opt/src/aldy/runs/logs_10x/NA19819.10x.short.stdout 2>&1
84	:	1766383905.914	     0.483	0	0	0	0	/home/pouria/opt/envs/aldy/bin/python -m aldy genotype /project/shared/aldy-data/10x/NA19908.10x.short.bam -g all -p 10x -vE --solver gurobi    -l /home/pouria/opt/src/aldy/runs/results_10x/NA19908.10x.short.txt    > /home/pouria/opt/src/aldy/runs/logs_10x/NA19908.10x.short.stdout 2>&1
85	:	1766383906.265	     0.478	0	0	0	0	/home/pouria/opt/envs/aldy/bin/python -m aldy genotype /project/shared/aldy-data/10x/NA19917.10x.short.bam -g all -p 10x -vE --solver gurobi    -l /home/pouria/opt/src/aldy/runs/results_10x/NA19917.10x.short.txt    > /home/pouria/opt/src/aldy/runs/logs_10x/NA19917.10x.short.stdout 2>&1
86	:	1766383906.405	     0.519	0	0	0	0	/home/pouria/opt/envs/aldy/bin/python -m aldy genotype /project/shared/aldy-data/10x/NA19920.10x.short.bam -g all -p 10x -vE --solver gurobi    -l /home/pouria/opt/src/aldy/runs/results_10x/NA19920.10x.short.txt    > /home/pouria/opt/src/aldy/runs/logs_10x/NA19920.10x.short.stdout 2>&1
87	:	1766383906.750	     0.469	0	0	0	0	/home/pouria/opt/envs/aldy/bin/python -m aldy genotype /project/shared/aldy-data/10x/NA20296.10x.short.bam -g all -p 10x -vE --solver gurobi    -l /home/pouria/opt/src/aldy/runs/results_10x/NA20296.10x.short.txt    > /home/pouria/opt/src/aldy/runs/logs_10x/NA20296.10x.short.stdout 2>&1
88	:	1766383906.931	     0.532	0	0	0	0	/home/pouria/opt/envs/aldy/bin/python -m aldy genotype /project/shared/aldy-data/10x/NA20509.10x.short.bam -g all -p 10x -vE --solver gurobi    -l /home/pouria/opt/src/aldy/runs/results_10x/NA20509.10x.short.txt    > /home/pouria/opt/src/aldy/runs/logs_10x/NA20509.10x.short.stdout 2>&1
89	:	1766383907.224	     0.531	0	0	0	0	/home/pouria/opt/envs/aldy/bin/python -m aldy genotype /project/shared/aldy-data/10x/NA21781.10x.short.bam -g all -p 10x -vE --solver gurobi    -l /home/pouria/opt/src/aldy/runs/results_10x/NA21781.10x.short.txt    > /home/pouria/opt/src/aldy/runs/logs_10x/NA21781.10x.short.stdout 2>&1
90	:	1766383907.469	     0.355	0	0	0	0	/home/pouria/opt/envs/aldy/bin/python -m aldy genotype /project/shared/aldy-data/10x/NA23246.10x.short.bam -g all -p 10x -vE --solver gurobi    -l /home/pouria/opt/src/aldy/runs/results_10x/NA23246.10x.short.txt    > /home/pouria/opt/src/aldy/runs/logs_10x/NA23246.10x.short.stdout 2>&1
91	:	1766383907.761	     0.467	0	0	0	0	/home/pouria/opt/envs/aldy/bin/python -m aldy genotype /project/shared/aldy-data/10x/NA23275.10x.short.bam -g all -p 10x -vE --solver gurobi    -l /home/pouria/opt/src/aldy/runs/results_10x/NA23275.10x.short.txt    > /home/pouria/opt/src/aldy/runs/logs_10x/NA23275.10x.short.stdout 2>&1
92	:	1766383907.830	     0.440	0	0	0	0	/home/pouria/opt/envs/aldy/bin/python -m aldy genotype /project/shared/aldy-data/10x/NA23348.10x.short.bam -g all -p 10x -vE --solver gurobi    -l /home/pouria/opt/src/aldy/runs/results_10x/NA23348.10x.short.txt    > /home/pouria/opt/src/aldy/runs/logs_10x/NA23348.10x.short.stdout 2>&1
94	:	1766383908.276	     0.417	0	0	0	0	/home/pouria/opt/envs/aldy/bin/python -m aldy genotype /project/shared/aldy-data/10x/NA24008.10x.short.bam -g all -p 10x -vE --solver gurobi    -l /home/pouria/opt/src/aldy/runs/results_10x/NA24008.10x.short.txt    > /home/pouria/opt/src/aldy/runs/logs_10x/NA24008.10x.short.stdout 2>&1
93	:	1766383908.233	     0.501	0	0	0	0	/home/pouria/opt/envs/aldy/bin/python -m aldy genotype /project/shared/aldy-data/10x/NA23874.10x.short.bam -g all -p 10x -vE --solver gurobi    -l /home/pouria/opt/src/aldy/runs/results_10x/NA23874.10x.short.txt    > /home/pouria/opt/src/aldy/runs/logs_10x/NA23874.10x.short.stdout 2>&1
95	:	1766383908.700	     0.473	0	0	0	0	/home/pouria/opt/envs/aldy/bin/python -m aldy genotype /project/shared/aldy-data/10x/NA24027.10x.short.bam -g all -p 10x -vE --solver gurobi    -l /home/pouria/opt/src/aldy/runs/results_10x/NA24027.10x.short.txt    > /home/pouria/opt/src/aldy/runs/logs_10x/NA24027.10x.short.stdout 2>&1
