gene	reason_hint
cyp1a1	FileExistsError: [Errno 17] File exists: '/home/pouria/opt/src/pypgx/pypgx_runs/wgs/pypgx_by_gene_all/cyp1a1_20260102_224721'
cyp1a2	FileExistsError: [Errno 17] File exists: '/home/pouria/opt/src/pypgx/pypgx_runs/wgs/pypgx_by_gene_all/cyp1a2_20260102_224721'
cyp2a13	FileExistsError: [Errno 17] File exists: '/home/pouria/opt/src/pypgx/pypgx_runs/wgs/pypgx_by_gene_all/cyp2a13_20260102_224721'
cyp2a6	FileExistsError: [Errno 17] File exists: '/home/pouria/opt/src/pypgx/pypgx_runs/wgs/pypgx_by_gene_all/cyp2a6_20260102_224721'
cyp2b6	FileExistsError: [Errno 17] File exists: '/home/pouria/opt/src/pypgx/pypgx_runs/wgs/pypgx_by_gene_all/cyp2b6_20260102_224721'
cyp2c19	FileExistsError: [Errno 17] File exists: '/home/pouria/opt/src/pypgx/pypgx_runs/wgs/pypgx_by_gene_all/cyp2c19_20260102_224721'
cyp2c8	FileExistsError: [Errno 17] File exists: '/home/pouria/opt/src/pypgx/pypgx_runs/wgs/pypgx_by_gene_all/cyp2c8_20260102_224721'
cyp2c9	FileExistsError: [Errno 17] File exists: '/home/pouria/opt/src/pypgx/pypgx_runs/wgs/pypgx_by_gene_all/cyp2c9_20260102_224721'
cyp2d6	FileExistsError: [Errno 17] File exists: '/home/pouria/opt/src/pypgx/pypgx_runs/wgs/pypgx_by_gene_all/cyp2d6_20260102_224721'
cyp2j2	FileExistsError: [Errno 17] File exists: '/home/pouria/opt/src/pypgx/pypgx_runs/wgs/pypgx_by_gene_all/cyp2j2_20260102_224721'
cyp2s1	FileExistsError: [Errno 17] File exists: '/home/pouria/opt/src/pypgx/pypgx_runs/wgs/pypgx_by_gene_all/cyp2s1_20260102_224721'
cyp3a43	FileExistsError: [Errno 17] File exists: '/home/pouria/opt/src/pypgx/pypgx_runs/wgs/pypgx_by_gene_all/cyp3a43_20260102_224721'
cyp3a4	FileExistsError: [Errno 17] File exists: '/home/pouria/opt/src/pypgx/pypgx_runs/wgs/pypgx_by_gene_all/cyp3a4_20260102_224721'
cyp3a5	FileExistsError: [Errno 17] File exists: '/home/pouria/opt/src/pypgx/pypgx_runs/wgs/pypgx_by_gene_all/cyp3a5_20260102_224721'
cyp3a7	FileExistsError: [Errno 17] File exists: '/home/pouria/opt/src/pypgx/pypgx_runs/wgs/pypgx_by_gene_all/cyp3a7_20260102_224721'
cyp4f2	FileExistsError: [Errno 17] File exists: '/home/pouria/opt/src/pypgx/pypgx_runs/wgs/pypgx_by_gene_all/cyp4f2_20260102_224721'
dpyd	FileExistsError: [Errno 17] File exists: '/home/pouria/opt/src/pypgx/pypgx_runs/wgs/pypgx_by_gene_all/dpyd_20260102_224721'
slco1b1	FileExistsError: [Errno 17] File exists: '/home/pouria/opt/src/pypgx/pypgx_runs/wgs/pypgx_by_gene_all/slco1b1_20260102_224721'
tpmt	FileExistsError: [Errno 17] File exists: '/home/pouria/opt/src/pypgx/pypgx_runs/wgs/pypgx_by_gene_all/tpmt_20260102_224721'
